dataset	subject	Cortical Ribbon	Subcortical Nuclei	Cerebellum	Superficial WM	Deeper WM	Deepest WM	Superficial CSF	Deeper CSF
dset-cambridge	sub-04570	6710	510	1725	5435	1704	1041	639	91
dset-cambridge	sub-04710	6615	544	1678	5646	2095	1648	568	16
dset-cambridge	sub-04800	6848	533	1559	5813	2106	1467	658	139
dset-cambridge	sub-11310	6564	512	1673	5741	1975	1340	734	124
dset-cambridge	sub-12599	6931	517	1531	5433	1848	1084	646	106
dset-cambridge	sub-16053	7077	579	1562	5401	1727	1115	558	12
dset-cambridge	sub-17821	6099	538	1396	4747	1479	1067	464	9
dset-cambridge	sub-19284	8536	606	1678	5880	1875	1108	580	11
dset-cambridge	sub-19774	7836	535	1539	5280	1754	1226	569	7
dset-cambridge	sub-19943	6315	515	1377	4894	1456	879	559	27
dset-cambridge	sub-19979	7311	644	1576	6310	2406	1926	559	16
dset-cambridge	sub-20094	7917	678	1725	6867	2375	1795	829	142
dset-cambridge	sub-20407	7916	585	1648	5839	1858	1136	567	2
dset-cambridge	sub-20408	6889	559	1735	4766	1294	686	544	10
dset-cambridge	sub-20409	6549	510	1536	4847	1513	1003	490	6
dset-cambridge	sub-20450	6871	591	1728	5529	1619	1004	574	25
dset-cambridge	sub-20462	6653	557	1386	5647	1994	1355	506	6
dset-cambridge	sub-20503	8518	642	1801	5829	1910	1393	568	18
dset-cambridge	sub-20758	7711	568	1618	5243	1574	1009	538	25
dset-cambridge	sub-20823	7983	581	1796	5579	1735	1400	574	5
dset-cambridge	sub-20824	7588	611	1799	5589	1742	1243	562	10
dset-cambridge	sub-20835	7336	647	1598	5691	1887	1442	495	4
dset-cambridge	sub-20847	7590	551	1719	5377	1915	1290	563	32
dset-cambridge	sub-20851	7408	582	1719	5232	1743	957	627	40
dset-cambridge	sub-20860	8191	640	1658	5552	1731	1110	542	7
dset-cambridge	sub-20861	6516	525	1451	4513	1269	571	569	90
dset-cambridge	sub-20862	8418	570	1770	5715	1746	963	603	39
dset-cambridge	sub-20864	7637	561	1657	5861	1957	1278	596	26
dset-cambridge	sub-20866	7290	672	1724	5419	1813	1295	480	41
dset-cambridge	sub-20892	7177	633	1898	5913	2042	1419	519	3
dset-cambridge	sub-20893	7857	666	1880	5805	2018	1528	600	9
dset-cambridge	sub-20907	5959	519	1479	4383	1373	871	453	10
dset-cambridge	sub-20932	7321	558	1706	5385	1666	1131	538	14
dset-cambridge	sub-20946	6452	628	1628	5192	1756	1378	442	8
dset-cambridge	sub-20950	7051	549	1756	5312	1680	1088	508	15
dset-cambridge	sub-20976	6568	562	1655	4968	1425	781	579	56
dset-cambridge	sub-20983	7552	623	1745	5606	1746	1255	608	11
dset-cambridge	sub-20984	7438	555	1627	5376	1687	1146	616	57
dset-cambridge	sub-21036	9457	754	1743	6373	2508	2041	784	90
dset-cambridge	sub-21116	6729	621	1918	5668	2156	1686	664	73
dset-cambridge	sub-21124	6793	576	1525	5706	2098	1176	596	46
dset-cambridge	sub-21126	6740	514	1593	5475	1776	1091	520	12
dset-cambridge	sub-21127	6613	579	1643	5814	1989	1288	645	64
dset-cambridge	sub-21187	7357	635	1559	6513	2550	1647	761	242
dset-cambridge	sub-21193	5339	431	1587	4091	1335	837	570	109
dset-cambridge	sub-21215	6968	673	1876	6383	2340	1839	609	11
dset-cambridge	sub-21252	6531	483	1416	5196	1478	687	663	166
dset-cambridge	sub-21253	7136	571	1689	5423	1871	1217	524	14
dset-cambridge	sub-21254	6008	497	1738	5149	1762	979	562	38
dset-cambridge	sub-21256	5429	469	1272	4699	1540	865	509	28
dset-cambridge	sub-21258	7913	663	1871	5982	2156	1436	528	11
dset-cambridge	sub-21260	5971	521	1492	4811	1616	1085	489	38
dset-cambridge	sub-21261	6617	551	1678	5066	1579	949	609	78
dset-cambridge	sub-21262	6371	450	1644	4780	1477	755	552	16
dset-cambridge	sub-21270	6873	557	1844	5701	1948	1289	621	62
dset-cambridge	sub-21273	6521	563	1622	4948	1690	1101	554	14
dset-cambridge	sub-21277	5381	500	1702	4735	1703	1210	553	24
dset-cambridge	sub-21278	5671	509	1536	4617	1595	1138	506	14
dset-cambridge	sub-21279	7923	626	1656	5707	1814	1428	646	12
dset-cambridge	sub-21281	7005	619	1675	5260	1817	1061	710	200
dset-cambridge	sub-21283	6193	522	1398	5256	1757	1055	532	26
dset-cambridge	sub-21300	7106	578	1783	5273	1718	1130	659	73
dset-cambridge	sub-21302	8160	611	1637	5810	1964	1335	659	85
dset-cambridge	sub-21304	6391	471	1473	4818	1607	1065	514	37
dset-cambridge	sub-21305	6193	612	1873	5970	1868	1090	717	82
dset-cambridge	sub-21306	5255	446	1352	4182	1262	884	383	4
dset-cambridge	sub-21317	9673	741	1932	6894	2233	1185	1031	611
dset-cambridge	sub-21318	8729	623	1846	5725	1725	1137	575	8
dset-cambridge	sub-21324	7942	656	1938	6220	2236	1873	676	33
dset-cambridge	sub-21371	7430	627	1764	5979	2012	1215	678	106
dset-cambridge	sub-21384	6356	561	1864	5473	1999	1327	689	77
dset-cambridge	sub-21448	5453	514	1507	4456	1291	702	459	8
dset-cambridge	sub-21449	6681	551	1668	5941	2113	1325	709	113
dset-cambridge	sub-21452	8144	626	1745	5755	1820	1024	575	16
dset-cambridge	sub-21453	7788	546	1980	5603	1662	1048	576	9
dset-cambridge	sub-21456	7090	551	1503	5598	1782	1041	576	26
dset-cambridge	sub-21611	5853	560	1551	4839	1510	865	542	12
dset-cambridge	sub-21641	6498	571	1763	5277	1919	1310	661	110
dset-cambridge	sub-21644	6586	499	1752	4934	1587	992	648	106
dset-cambridge	sub-21645	6735	586	1909	5423	1744	1325	599	20
dset-cambridge	sub-21646	7917	674	1902	6563	2320	1772	684	56
dset-cambridge	sub-21652	6632	651	1606	5912	2190	1660	496	5
dset-cambridge	sub-21656	7518	603	1925	5740	1960	1353	678	25
dset-cambridge	sub-21657	7325	616	1712	5723	2039	1526	586	24
dset-cambridge	sub-21658	6560	612	1672	5485	2122	1805	573	36
dset-camcan	sub-CC110033	12686	907	2630	8272	2724	1826	770	63
dset-camcan	sub-CC110037	12737	885	2656	8224	2839	2067	739	16
dset-camcan	sub-CC110045	13512	968	2825	7822	2555	1686	578	19
dset-camcan	sub-CC110056	11840	899	2142	7569	2536	1753	708	43
dset-camcan	sub-CC110069	11606	862	2977	8289	2732	1660	805	103
dset-camcan	sub-CC110087	11814	827	2380	7693	2435	1278	880	102
dset-camcan	sub-CC110098	13787	948	2731	8976	2820	1742	833	17
dset-camcan	sub-CC110101	13488	940	2824	9029	2953	1661	944	50
dset-camcan	sub-CC110126	13750	878	2618	8667	2942	2320	628	5
dset-camcan	sub-CC110174	10390	799	2188	6645	2215	1490	600	10
dset-camcan	sub-CC110182	12675	870	2452	7568	2377	1274	956	199
dset-camcan	sub-CC110187	12216	872	2282	7786	2577	1861	687	49
dset-camcan	sub-CC110319	14119	933	2716	8862	3394	2578	706	3
dset-camcan	sub-CC110411	15448	1049	3172	9448	3294	2294	1012	71
dset-camcan	sub-CC110606	13904	951	2972	9608	3310	2206	1039	171
dset-camcan	sub-CC112141	12863	944	2897	9034	3217	2328	936	93
dset-camcan	sub-CC120008	14314	1040	2712	9820	3744	2804	1042	143
dset-camcan	sub-CC120049	14107	970	3080	9861	3527	2805	957	46
dset-camcan	sub-CC120061	15172	848	2878	9075	2818	1899	947	76
dset-camcan	sub-CC120065	11893	867	2780	7630	2568	1752	650	26
dset-camcan	sub-CC120120	11922	936	3027	7890	2778	1853	955	80
dset-camcan	sub-CC120123	12135	785	2266	7339	2463	1812	619	4
dset-camcan	sub-CC120166	13327	986	2810	9628	3787	3108	1082	184
dset-camcan	sub-CC120182	15211	1079	2858	10170	3790	2682	1321	691
dset-camcan	sub-CC120208	14221	920	2870	9075	2954	2033	921	115
dset-camcan	sub-CC120218	12149	904	2517	7205	2536	1633	670	78
dset-camcan	sub-CC120234	12492	859	2336	7647	2514	1438	543	13
dset-camcan	sub-CC120264	15303	1028	2816	9982	3687	3121	978	113
dset-camcan	sub-CC120276	12886	841	2391	8218	2864	2164	748	14
dset-camcan	sub-CC120286	12683	973	2238	7482	2358	1693	734	20
dset-camcan	sub-CC120309	12483	957	2636	8439	2662	1534	878	47
dset-camcan	sub-CC120313	12595	996	2870	8376	2911	2404	790	24
dset-camcan	sub-CC120319	13092	925	3013	8197	2635	1853	806	32
dset-camcan	sub-CC120347	13170	871	2744	7720	2344	1681	715	24
dset-camcan	sub-CC120376	10796	824	2033	7137	2311	1603	722	19
dset-camcan	sub-CC120409	14490	1013	2894	9524	3029	2136	858	57
dset-camcan	sub-CC120462	12896	908	2718	7164	2420	1720	720	64
dset-camcan	sub-CC120469	13306	964	2654	8788	3056	2331	725	30
dset-camcan	sub-CC120470	11362	809	2392	7811	2520	1603	836	30
dset-camcan	sub-CC120550	13989	979	2871	8551	2953	2269	774	15
dset-camcan	sub-CC120640	13621	966	2443	8735	3172	2074	782	26
dset-camcan	sub-CC120727	13375	980	2501	8850	3372	2558	934	66
dset-camcan	sub-CC120764	15686	1054	2550	10732	3661	1755	1586	1093
dset-camcan	sub-CC120795	13591	926	2706	8572	2661	1622	732	10
dset-camcan	sub-CC120816	13846	1040	2737	8947	3105	2546	800	68
dset-camcan	sub-CC120987	12029	842	2633	7083	2139	1274	612	5
dset-camcan	sub-CC121106	13248	890	2452	8590	2665	1514	751	17
dset-camcan	sub-CC121111	14529	1033	2784	9713	3237	2691	778	34
dset-camcan	sub-CC121144	13922	912	2841	8648	2722	1735	954	81
dset-camcan	sub-CC121158	14268	990	2779	9348	3400	2541	715	19
dset-camcan	sub-CC121194	9401	774	2414	6470	1819	1030	563	12
dset-camcan	sub-CC121200	13337	990	2494	9010	3290	2724	877	49
dset-camcan	sub-CC121317	11072	773	2444	7117	2478	1673	787	41
dset-camcan	sub-CC121397	12567	953	2828	8152	2797	1815	839	107
dset-camcan	sub-CC121411	12869	873	2528	8234	2654	1942	571	76
dset-camcan	sub-CC121428	13152	897	2364	7992	2822	2421	822	50
dset-camcan	sub-CC121479	12523	957	2425	7713	2590	1811	832	50
dset-camcan	sub-CC121685	16659	1150	3042	11173	3893	2851	900	24
dset-camcan	sub-CC121795	13379	1050	2796	8807	2626	1599	1066	190
dset-camcan	sub-CC122172	13904	850	2764	8815	2675	1383	906	115
dset-camcan	sub-CC122405	15242	985	2836	9710	3386	2342	991	80
dset-camcan	sub-CC122620	11259	856	2507	7511	2426	1593	600	8
dset-camcan	sub-CC210023	11908	990	2586	8459	2799	1805	1018	208
dset-camcan	sub-CC210051	11825	805	2333	8498	2927	2112	747	22
dset-camcan	sub-CC210088	11633	836	2374	7248	2184	1260	785	24
dset-camcan	sub-CC210124	10772	864	2610	7460	2519	1791	682	28
dset-camcan	sub-CC210148	11533	843	2421	7223	2440	1770	704	6
dset-camcan	sub-CC210172	11589	862	2379	7287	2465	1738	536	9
dset-camcan	sub-CC210182	11196	878	2433	7733	2653	1940	800	32
dset-camcan	sub-CC210250	14834	1068	2801	9585	3009	2008	995	112
dset-camcan	sub-CC210304	12355	879	2441	8271	2768	1553	836	68
dset-camcan	sub-CC210314	11671	798	2334	7469	2279	1421	668	9
dset-camcan	sub-CC210422	14541	1093	2777	9802	3380	2586	1016	110
dset-camcan	sub-CC210519	11448	816	2843	7420	2751	2002	643	3
dset-camcan	sub-CC210526	12298	893	2595	8558	3101	2005	898	104
dset-camcan	sub-CC210617	11692	948	2580	8085	2679	1619	928	146
dset-camcan	sub-CC210657	12232	916	2663	8918	2991	1646	989	198
dset-camcan	sub-CC212153	13369	812	2553	8269	2707	1552	953	190
dset-camcan	sub-CC220098	11532	853	2232	7272	2470	1487	843	128
dset-camcan	sub-CC220107	11613	889	2731	8435	2884	1824	864	93
dset-camcan	sub-CC220115	11389	851	2594	7921	2599	1793	757	20
dset-camcan	sub-CC220132	14263	1009	3209	8806	2865	1817	844	26
dset-camcan	sub-CC220151	13354	909	2631	8856	3223	2043	882	58
dset-camcan	sub-CC220198	12461	972	3019	8451	3254	2727	714	13
dset-camcan	sub-CC220203	11758	840	2523	7634	2659	1710	625	20
dset-camcan	sub-CC220223	14636	978	3248	9448	3358	2410	914	46
dset-camcan	sub-CC220232	11582	841	2450	7971	2875	2081	811	24
dset-camcan	sub-CC220234	12558	993	2710	8939	3313	2490	814	23
dset-camcan	sub-CC220284	12440	858	2375	7922	2658	1814	761	24
dset-camcan	sub-CC220323	11955	743	2659	7381	2251	1437	637	36
dset-camcan	sub-CC220335	12842	902	3066	8805	3098	1873	1065	200
dset-camcan	sub-CC220352	13960	925	2792	8158	2665	2105	741	21
dset-camcan	sub-CC220372	13165	937	2826	9266	3311	2501	853	20
dset-camcan	sub-CC220394	12389	865	2516	7692	2649	1589	820	57
dset-camcan	sub-CC220419	13473	1041	2690	9424	3287	2451	1047	145
dset-camcan	sub-CC220506	11702	833	2626	7664	2631	1876	761	32
dset-camcan	sub-CC220518	13914	1031	3074	9516	3566	3070	867	18
dset-camcan	sub-CC220519	13513	986	2672	9086	3622	3193	805	138
dset-camcan	sub-CC220526	10036	731	2295	7059	1955	985	777	113
dset-camcan	sub-CC220535	13501	1007	2547	8639	3142	2580	798	23
dset-camcan	sub-CC220567	10858	881	2324	8561	3134	2454	750	49
dset-camcan	sub-CC220610	11650	792	2403	7844	2722	1978	780	28
dset-camcan	sub-CC220635	12815	884	2572	8499	3405	2637	810	72
dset-camcan	sub-CC220697	14993	1064	2472	10600	4090	3325	943	63
dset-camcan	sub-CC220713	12591	981	2531	8669	2971	1794	850	45
dset-camcan	sub-CC220806	11478	873	2318	7416	2572	1686	721	11
dset-camcan	sub-CC220828	13050	883	2503	8491	2983	2335	778	8
dset-camcan	sub-CC220843	13356	998	2730	9162	3039	2061	964	94
dset-camcan	sub-CC220901	13260	832	2630	8672	3004	1986	962	327
dset-camcan	sub-CC220920	12555	916	2404	8377	3008	2183	757	88
dset-camcan	sub-CC220974	12935	1062	3070	9743	3835	3078	853	63
dset-camcan	sub-CC220999	12847	1067	2638	9356	3159	2128	1158	396
dset-camcan	sub-CC221002	11737	891	2884	8468	2899	2077	890	70
dset-camcan	sub-CC221031	12076	920	2963	8532	2769	1864	1169	457
dset-camcan	sub-CC221033	13212	837	2570	8650	2474	1454	890	44
dset-camcan	sub-CC221038	13371	880	2859	8585	2696	1900	807	26
dset-camcan	sub-CC221054	13981	1080	2962	9253	3336	2724	955	127
dset-camcan	sub-CC221107	15306	995	2683	9976	3332	2453	1064	202
dset-camcan	sub-CC221209	12729	947	2919	8718	2935	1855	861	74
dset-camcan	sub-CC221220	11953	890	2497	7912	2763	2010	732	48
dset-camcan	sub-CC221244	9958	642	2155	6400	1916	965	837	254
dset-camcan	sub-CC221324	12314	948	3166	8744	2984	2191	874	38
dset-camcan	sub-CC221352	11594	806	2566	7516	2692	1680	773	86
dset-camcan	sub-CC221373	13662	984	2863	8403	2811	2228	830	88
dset-camcan	sub-CC221487	12924	950	2979	9202	3336	2336	954	35
dset-camcan	sub-CC221511	12712	880	2667	8196	2844	2225	770	22
dset-camcan	sub-CC221527	11208	837	2222	7410	2644	1674	733	41
dset-camcan	sub-CC221565	13331	1030	2579	9158	3021	2272	900	38
dset-camcan	sub-CC221580	12689	902	2373	7313	2689	2132	685	14
dset-camcan	sub-CC221648	13997	1030	2326	8827	3193	2611	684	4
dset-camcan	sub-CC221733	14237	1050	2447	10037	3519	2597	919	59
dset-camcan	sub-CC221740	10699	825	2440	7038	2247	1553	620	1
dset-camcan	sub-CC221755	13684	1007	2967	9367	3482	2637	804	38
dset-camcan	sub-CC221775	12687	978	2495	8274	3118	2279	730	14
dset-camcan	sub-CC221828	13100	957	3131	8507	3220	2497	862	81
dset-camcan	sub-CC221886	12765	987	2851	8772	3253	2036	787	137
dset-camcan	sub-CC221954	11600	863	2629	8354	2907	1885	933	93
dset-camcan	sub-CC221977	12445	888	2661	8880	3130	2095	1029	220
dset-camcan	sub-CC221980	13859	991	2764	9053	2884	1923	877	161
dset-camcan	sub-CC222120	12630	929	2744	8663	3184	2430	899	83
dset-camcan	sub-CC222125	14300	1013	2598	9480	3385	2603	1075	242
dset-camcan	sub-CC222185	11763	832	2669	7344	2455	1685	636	19
dset-camcan	sub-CC222258	12402	822	2376	7449	2520	1562	722	50
dset-camcan	sub-CC222264	12434	996	2745	8441	3022	2089	748	27
dset-camcan	sub-CC222304	14085	1032	2633	9737	3294	2367	1076	145
dset-camcan	sub-CC222326	10801	828	2296	8188	2806	2055	997	233
dset-camcan	sub-CC222367	13618	999	2839	9378	3187	1630	1409	800
dset-camcan	sub-CC222496	12422	955	2720	8956	3400	2415	976	172
dset-camcan	sub-CC222555	12209	959	2837	8420	3001	2186	790	44
dset-camcan	sub-CC222652	10941	872	2214	7954	2965	2157	757	53
dset-camcan	sub-CC222797	12704	839	2556	8243	2684	1624	860	76
dset-camcan	sub-CC222956	12953	964	2543	9313	3168	2320	843	37
dset-camcan	sub-CC223085	13637	992	2774	9595	3611	3025	903	150
dset-camcan	sub-CC310008	15135	1065	3059	10901	4333	3388	1085	77
dset-camcan	sub-CC310051	10217	771	2342	7745	2804	2048	662	33
dset-camcan	sub-CC310052	10215	781	2375	7747	2907	2109	713	27
dset-camcan	sub-CC310086	12205	858	2107	8129	2893	1960	678	32
dset-camcan	sub-CC310129	13235	965	2852	8455	3073	2398	771	8
dset-camcan	sub-CC310135	13543	946	2151	9078	3412	2310	765	104
dset-camcan	sub-CC310142	11855	853	2373	8822	2768	1231	1188	760
dset-camcan	sub-CC310160	14132	994	2743	8773	3212	2705	673	46
dset-camcan	sub-CC310203	11863	829	2434	8072	2599	1376	914	150
dset-camcan	sub-CC310214	11372	795	2399	7904	2802	2172	746	19
dset-camcan	sub-CC310224	12035	940	2430	8554	2936	2271	795	43
dset-camcan	sub-CC310252	13539	936	2518	9203	3724	3019	722	4
dset-camcan	sub-CC310256	12783	957	2581	9383	3559	2776	1109	347
dset-camcan	sub-CC310331	12180	949	2587	9220	3167	2402	969	67
dset-camcan	sub-CC310361	11278	789	2391	7550	2692	1831	815	85
dset-camcan	sub-CC310385	11099	812	2509	8345	3093	2328	791	83
dset-camcan	sub-CC310391	12219	924	2829	8655	2789	1823	760	21
dset-camcan	sub-CC310397	11294	849	2356	7423	2435	1533	636	41
dset-camcan	sub-CC310402	12335	891	2594	8744	3416	2555	990	181
dset-camcan	sub-CC310407	11014	889	2413	8343	3095	2137	873	94
dset-camcan	sub-CC310410	12524	882	2059	8702	3171	2713	784	50
dset-camcan	sub-CC310414	13772	971	2715	9040	3335	2757	652	57
dset-camcan	sub-CC310450	12444	927	2702	8572	3105	2580	724	88
dset-camcan	sub-CC310463	13907	948	2459	9024	3360	2540	734	32
dset-camcan	sub-CC310473	13493	983	2652	9072	3384	2495	978	167
dset-camcan	sub-CC312058	13364	943	2727	9359	3383	2362	917	64
dset-camcan	sub-CC312222	12225	875	2305	8502	3382	2573	791	59
dset-camcan	sub-CC320002	11632	921	2920	9112	3497	3074	774	16
dset-camcan	sub-CC320022	11526	876	2810	7262	2452	1633	841	91
dset-camcan	sub-CC320059	12105	985	3091	8546	3300	2483	883	49
dset-camcan	sub-CC320088	12661	931	3138	9283	3154	2007	928	238
dset-camcan	sub-CC320089	10901	840	2585	7823	2882	1824	783	64
dset-camcan	sub-CC320107	11926	816	2270	8828	3118	2013	1031	474
dset-camcan	sub-CC320109	12531	927	3104	9543	3710	3292	796	23
dset-camcan	sub-CC320160	11726	849	2765	7487	2409	1610	692	22
dset-camcan	sub-CC320202	12140	928	2385	8575	2984	1990	788	17
dset-camcan	sub-CC320206	12744	906	2584	8641	3005	2046	753	41
dset-camcan	sub-CC320218	12449	920	2410	8594	3220	2402	911	108
dset-camcan	sub-CC320267	13475	961	2758	8824	3018	2443	874	201
dset-camcan	sub-CC320269	9543	797	2600	7855	2824	1929	739	24
dset-camcan	sub-CC320297	13230	987	2593	9469	3655	2928	890	81
dset-camcan	sub-CC320321	10379	768	2269	6969	2329	1418	489	2
dset-camcan	sub-CC320325	10947	793	2374	7966	2765	1738	979	111
dset-camcan	sub-CC320342	11374	853	2446	7927	2837	1904	861	68
dset-camcan	sub-CC320359	14252	1026	3019	10223	3843	2343	1021	237
dset-camcan	sub-CC320417	11194	899	2232	8415	2919	1985	1017	229
dset-camcan	sub-CC320429	13619	944	2770	9430	3531	2848	813	37
dset-camcan	sub-CC320448	12086	988	2614	8638	3465	2860	785	29
dset-camcan	sub-CC320461	12126	888	2718	8507	2923	2159	1035	244
dset-camcan	sub-CC320478	12899	910	2806	8821	3153	2307	1028	172
dset-camcan	sub-CC320500	13306	967	2820	9143	3366	2717	1008	126
dset-camcan	sub-CC320553	12072	869	2556	8276	3047	2321	852	55
dset-camcan	sub-CC320568	11100	799	2433	7610	2878	1978	854	67
dset-camcan	sub-CC320574	13662	1067	3235	9807	3407	3013	939	30
dset-camcan	sub-CC320575	10824	847	2815	7317	2632	1901	724	29
dset-camcan	sub-CC320576	11788	859	2833	8398	3042	2164	912	113
dset-camcan	sub-CC320608	11956	928	2517	9270	3677	2987	792	5
dset-camcan	sub-CC320616	14309	988	3031	9843	3821	3559	781	6
dset-camcan	sub-CC320621	11201	850	2279	8033	3176	2388	643	20
dset-camcan	sub-CC320636	12097	823	2265	8260	2923	2027	948	122
dset-camcan	sub-CC320651	12032	838	2341	8178	2780	2153	730	28
dset-camcan	sub-CC320661	11271	979	2794	8433	3240	2900	903	97
dset-camcan	sub-CC320680	12403	937	2657	8290	2749	2010	782	21
dset-camcan	sub-CC320686	12357	863	2433	8097	3051	2573	686	42
dset-camcan	sub-CC320687	12092	866	2338	7572	2680	1863	778	42
dset-camcan	sub-CC320698	12334	870	2428	8393	2951	2257	851	133
dset-camcan	sub-CC320759	10925	755	1941	7463	2623	1792	797	40
dset-camcan	sub-CC320776	13355	1028	2504	9300	3449	2336	918	181
dset-camcan	sub-CC320814	11487	832	2527	8202	2735	2038	846	117
dset-camcan	sub-CC320850	9964	777	2067	6999	2434	1552	677	17
dset-camcan	sub-CC320870	9875	755	2501	7698	2711	1497	844	135
dset-camcan	sub-CC320888	11064	851	2721	8026	2694	1775	810	103
dset-camcan	sub-CC320893	11934	825	2638	9005	3446	2351	1079	276
dset-camcan	sub-CC320904	12957	867	2647	9426	3372	2323	1055	210
dset-camcan	sub-CC321000	14678	1011	2980	9565	3264	2241	1007	161
dset-camcan	sub-CC321025	13711	1042	2907	8643	3371	2964	980	146
dset-camcan	sub-CC321069	14129	1153	3146	9362	3664	3117	763	11
dset-camcan	sub-CC321073	12081	834	2454	9233	3147	1966	1093	332
dset-camcan	sub-CC321087	10772	785	2145	7188	2084	1474	686	23
dset-camcan	sub-CC321137	10019	797	2329	7106	2399	1340	801	94
dset-camcan	sub-CC321154	11931	891	2240	9489	3219	1989	1061	295
dset-camcan	sub-CC321174	10954	795	2309	7672	2663	1504	900	150
dset-camcan	sub-CC321203	12553	940	2528	8462	3096	2061	884	47
dset-camcan	sub-CC321281	10575	747	2331	7542	2587	1512	928	160
dset-camcan	sub-CC321291	12048	829	2383	8758	2945	2211	1108	346
dset-camcan	sub-CC321331	14349	980	2704	9309	3358	2233	1001	65
dset-camcan	sub-CC321368	13491	956	2682	9089	3235	2301	819	45
dset-camcan	sub-CC321428	11420	791	2368	7888	2739	1878	629	12
dset-camcan	sub-CC321431	11089	810	2353	8104	3121	2348	793	152
dset-camcan	sub-CC321464	11641	907	2551	8323	2954	2008	873	241
dset-camcan	sub-CC321504	13182	1026	2845	9351	3229	2246	985	100
dset-camcan	sub-CC321506	10129	816	2040	7457	2851	2118	677	35
dset-camcan	sub-CC321529	10173	839	2446	6893	2582	1671	644	81
dset-camcan	sub-CC321544	12861	969	2576	9456	3565	2948	878	64
dset-camcan	sub-CC321557	11098	810	2416	8352	2981	1799	936	86
dset-camcan	sub-CC321585	11637	793	2276	8146	2808	1973	799	38
dset-camcan	sub-CC321594	12907	938	2983	8781	3139	2103	1000	165
dset-camcan	sub-CC321595	12065	811	2488	8317	3046	2092	707	25
dset-camcan	sub-CC321880	9457	741	2350	6921	2465	1874	741	60
dset-camcan	sub-CC321899	11629	881	2607	8194	2573	1652	782	78
dset-camcan	sub-CC321976	12202	880	2728	8566	3334	2377	901	143
dset-camcan	sub-CC322186	13066	945	2624	9542	3718	2785	1179	344
dset-camcan	sub-CC410015	10884	786	2309	7920	2449	1450	768	35
dset-camcan	sub-CC410040	15040	1104	2937	10697	3781	2806	1060	104
dset-camcan	sub-CC410084	10227	763	2575	7872	2624	1486	917	212
dset-camcan	sub-CC410086	11885	951	2587	8376	3138	2331	838	40
dset-camcan	sub-CC410091	11366	851	2423	8151	2718	1925	863	133
dset-camcan	sub-CC410094	11199	861	2542	8179	3128	2113	926	99
dset-camcan	sub-CC410097	9806	788	2313	7165	2621	1731	749	140
dset-camcan	sub-CC410101	11241	849	2687	8319	3001	1970	864	54
dset-camcan	sub-CC410113	15193	879	2758	10019	3437	1891	1053	207
dset-camcan	sub-CC410119	10729	909	2520	8717	3249	1995	828	299
dset-camcan	sub-CC410121	10395	809	2387	7461	2552	1482	887	134
dset-camcan	sub-CC410169	11777	864	2451	8153	2893	2137	709	86
dset-camcan	sub-CC410173	10977	873	2102	8339	3282	2985	782	85
dset-camcan	sub-CC410177	12203	898	3047	9568	3595	2697	896	80
dset-camcan	sub-CC410179	11823	874	2774	9285	3398	2258	919	55
dset-camcan	sub-CC410182	11542	840	2109	8084	2880	2088	736	18
dset-camcan	sub-CC410220	10565	816	2435	7066	2559	1706	754	155
dset-camcan	sub-CC410222	11944	875	2355	8055	2561	1699	928	171
dset-camcan	sub-CC410226	10793	898	2500	7923	3149	2296	879	82
dset-camcan	sub-CC410243	10776	799	2443	7668	2704	1942	816	79
dset-camcan	sub-CC410248	11560	837	2599	8758	3195	1757	1314	1012
dset-camcan	sub-CC410251	10330	838	2219	6996	2648	1851	711	31
dset-camcan	sub-CC410284	9970	763	2387	7247	2378	1588	611	9
dset-camcan	sub-CC410287	11212	832	2287	8327	2682	1703	851	359
dset-camcan	sub-CC410289	10919	805	2110	7677	2643	1868	759	46
dset-camcan	sub-CC410297	10032	693	2211	7714	3023	2187	753	25
dset-camcan	sub-CC410323	10819	782	2455	7909	2614	1727	1014	193
dset-camcan	sub-CC410325	10546	832	2634	8284	3177	2322	699	13
dset-camcan	sub-CC410354	12717	945	2412	9054	3516	2826	863	75
dset-camcan	sub-CC410387	11485	917	2510	8117	2856	1740	730	88
dset-camcan	sub-CC410390	12419	903	2593	8821	3311	2121	678	92
dset-camcan	sub-CC410432	12092	971	2657	9273	3307	2497	1091	219
dset-camcan	sub-CC412004	13363	955	2615	9262	3279	2102	992	113
dset-camcan	sub-CC412021	10956	788	2276	7447	2721	1997	600	78
dset-camcan	sub-CC420004	10358	782	1730	7306	2373	1394	581	31
dset-camcan	sub-CC420060	11534	878	2928	8804	3000	1778	1068	201
dset-camcan	sub-CC420061	9633	737	2373	7743	2677	1795	896	149
dset-camcan	sub-CC420071	9623	716	2191	6620	2095	1231	723	24
dset-camcan	sub-CC420075	12778	981	2470	9449	3142	2214	946	69
dset-camcan	sub-CC420089	11110	862	2574	7854	2760	1813	921	138
dset-camcan	sub-CC420091	13048	1010	2512	8755	3364	2626	671	53
dset-camcan	sub-CC420094	10526	827	2632	8245	2952	2202	800	56
dset-camcan	sub-CC420100	12149	909	2516	8245	3205	2559	786	33
dset-camcan	sub-CC420137	11093	885	2577	8644	3135	1861	994	174
dset-camcan	sub-CC420143	11500	764	2278	7783	2506	1562	791	30
dset-camcan	sub-CC420148	11942	944	2664	8904	3352	2949	789	27
dset-camcan	sub-CC420149	14314	967	2886	10432	3518	2430	1073	75
dset-camcan	sub-CC420157	11286	786	2359	7334	2368	1401	771	136
dset-camcan	sub-CC420162	11798	787	2151	8235	2676	1357	991	243
dset-camcan	sub-CC420167	10891	829	2655	8570	3179	2288	952	190
dset-camcan	sub-CC420173	12018	824	2479	8421	2982	2216	860	49
dset-camcan	sub-CC420180	11387	863	2732	8307	2984	1975	1062	207
dset-camcan	sub-CC420182	11909	838	2345	8799	3056	1757	987	526
dset-camcan	sub-CC420197	11593	875	2655	8352	3208	2186	967	229
dset-camcan	sub-CC420198	12953	982	2562	9621	3508	2939	828	49
dset-camcan	sub-CC420202	14580	1056	3023	9555	3395	2762	913	126
dset-camcan	sub-CC420204	11294	782	2439	7374	2533	1751	645	28
dset-camcan	sub-CC420217	13151	929	2641	8540	2931	2264	724	110
dset-camcan	sub-CC420222	11411	820	2437	7929	3053	2076	734	41
dset-camcan	sub-CC420226	10619	798	2404	8335	2868	1534	826	104
dset-camcan	sub-CC420229	11959	802	2164	7985	2585	1928	862	123
dset-camcan	sub-CC420231	11863	971	2848	8456	3025	2075	939	52
dset-camcan	sub-CC420236	14292	860	3275	10092	3723	2290	1194	280
dset-camcan	sub-CC420241	13420	912	2754	10583	3690	1970	1695	1490
dset-camcan	sub-CC420259	10082	728	2414	6719	2212	1558	679	42
dset-camcan	sub-CC420260	10064	840	2327	7622	2814	1879	895	365
dset-camcan	sub-CC420261	11597	939	2397	8371	2997	2304	840	62
dset-camcan	sub-CC420286	12246	1006	2731	9262	3142	2098	1116	166
dset-camcan	sub-CC420322	12589	855	2080	8633	2880	2084	1000	200
dset-camcan	sub-CC420324	10413	738	2241	7524	2483	1617	864	146
dset-camcan	sub-CC420348	11131	767	2453	7704	2691	1666	971	224
dset-camcan	sub-CC420356	11369	818	2831	8741	3207	2211	1302	696
dset-camcan	sub-CC420383	10918	760	2067	7279	2479	1494	845	105
dset-camcan	sub-CC420392	12491	819	2582	8422	2841	1806	946	189
dset-camcan	sub-CC420396	11914	851	2381	8619	3332	2937	996	67
dset-camcan	sub-CC420402	11620	873	2578	8311	2864	1711	1144	515
dset-camcan	sub-CC420412	12447	930	2831	9486	3159	1760	1182	214
dset-camcan	sub-CC420433	12269	954	2840	8850	3398	2631	783	35
dset-camcan	sub-CC420435	10596	752	2816	7466	2426	1497	740	33
dset-camcan	sub-CC420454	13033	1042	2657	9924	3601	2236	1381	924
dset-camcan	sub-CC420462	11890	877	2744	8722	3034	2118	1048	338
dset-camcan	sub-CC420464	10883	812	2457	8047	2829	1637	742	23
dset-camcan	sub-CC420493	11585	813	2316	8087	2958	2122	889	107
dset-camcan	sub-CC420566	11718	853	2422	8083	2913	2264	805	29
dset-camcan	sub-CC420582	13136	975	2846	9882	3492	2640	896	77
dset-camcan	sub-CC420587	12263	926	2307	8844	3210	2317	910	185
dset-camcan	sub-CC420589	13036	978	3037	9081	3616	2771	1004	463
dset-camcan	sub-CC420623	10827	771	2521	8040	2575	1177	1374	934
dset-camcan	sub-CC420729	10817	813	2578	7934	2806	2033	765	99
dset-camcan	sub-CC420776	10338	794	2490	7217	2761	2087	732	11
dset-camcan	sub-CC420888	11071	764	2290	7607	2386	1277	923	234
dset-camcan	sub-CC510015	11390	891	2403	7496	2621	1777	777	35
dset-camcan	sub-CC510039	11173	781	2712	7955	2944	1660	1122	458
dset-camcan	sub-CC510050	9903	717	2255	8257	3023	1737	986	293
dset-camcan	sub-CC510076	11147	964	2285	7848	2916	2222	912	122
dset-camcan	sub-CC510086	10479	770	2398	8151	2858	2127	942	143
dset-camcan	sub-CC510115	10009	819	2467	7696	2737	1820	729	19
dset-camcan	sub-CC510161	12013	979	2633	9904	3996	3044	1089	300
dset-camcan	sub-CC510163	10476	760	2156	7020	2145	1131	955	265
dset-camcan	sub-CC510208	12854	871	2732	8954	3178	1959	1000	240
dset-camcan	sub-CC510220	10781	814	2798	8353	2560	1154	1155	442
dset-camcan	sub-CC510226	12425	856	2427	9137	3478	2520	934	285
dset-camcan	sub-CC510237	11553	846	2428	9290	3373	1746	1106	290
dset-camcan	sub-CC510242	12033	876	2508	9181	3311	2024	992	115
dset-camcan	sub-CC510243	10426	910	2437	8813	3359	2225	1038	271
dset-camcan	sub-CC510255	10982	813	2628	7937	2840	1849	1000	227
dset-camcan	sub-CC510256	11792	991	2777	9587	3829	2470	1268	432
dset-camcan	sub-CC510258	13879	976	2762	8976	3530	2544	834	223
dset-camcan	sub-CC510259	10275	760	2621	8496	2838	1758	893	88
dset-camcan	sub-CC510284	9699	744	2020	7042	2317	1541	824	116
dset-camcan	sub-CC510304	12071	775	2489	8798	3090	1785	1005	188
dset-camcan	sub-CC510321	9573	748	2138	7316	2800	1955	825	113
dset-camcan	sub-CC510323	9889	811	2396	7906	2875	1749	918	199
dset-camcan	sub-CC510329	12579	925	2880	9033	3439	2537	947	426
dset-camcan	sub-CC510342	8595	787	2602	7552	2782	1924	806	75
dset-camcan	sub-CC510355	10534	766	2499	7884	2776	1781	719	152
dset-camcan	sub-CC510392	11428	854	2586	8571	3092	2542	816	56
dset-camcan	sub-CC510393	9290	870	2513	8004	2690	1252	1171	428
dset-camcan	sub-CC510395	10939	758	2352	8098	2799	1716	996	260
dset-camcan	sub-CC510415	10935	801	2604	7674	2469	1314	852	75
dset-camcan	sub-CC510433	9112	738	2425	6263	2210	1567	677	16
dset-camcan	sub-CC510434	9624	745	2674	7986	2939	2012	887	72
dset-camcan	sub-CC510438	11681	867	2122	8427	2901	1583	1106	353
dset-camcan	sub-CC510473	12364	868	2546	8112	2928	2129	805	377
dset-camcan	sub-CC510474	12244	918	2108	9362	3233	1756	1250	763
dset-camcan	sub-CC510480	9607	773	2093	7769	2542	1304	1056	586
dset-camcan	sub-CC510483	9038	773	2376	8124	2915	1723	931	261
dset-camcan	sub-CC510486	11079	872	2474	8406	3174	2378	712	83
dset-camcan	sub-CC510534	11661	794	2485	7671	2809	2171	741	20
dset-camcan	sub-CC510548	9846	731	2412	7985	2748	2018	796	93
dset-camcan	sub-CC510551	11135	792	2274	8126	2778	1773	1006	223
dset-camcan	sub-CC510568	12325	924	2482	9036	3209	2260	1077	266
dset-camcan	sub-CC510609	9323	695	2236	7182	2601	1922	747	51
dset-camcan	sub-CC510629	11641	798	2554	8092	2850	1813	861	236
dset-camcan	sub-CC510639	10603	867	2421	8933	3092	1559	999	151
dset-camcan	sub-CC510648	11314	823	2306	8709	3147	2155	976	166
dset-camcan	sub-CC512003	11708	877	2636	9477	3357	2280	1248	433
dset-camcan	sub-CC520002	11175	841	2523	7711	2673	1578	917	94
dset-camcan	sub-CC520011	12152	851	2372	8913	3494	2386	993	218
dset-camcan	sub-CC520013	10413	682	2417	7337	2433	1620	833	92
dset-camcan	sub-CC520042	12405	821	2867	9188	3098	1767	1138	331
dset-camcan	sub-CC520053	11328	794	2466	7738	2659	1677	883	126
dset-camcan	sub-CC520055	11186	850	2755	8343	2791	1675	914	225
dset-camcan	sub-CC520065	13097	975	2734	9144	3196	2320	1031	250
dset-camcan	sub-CC520078	13290	964	2895	9422	3193	2176	1107	274
dset-camcan	sub-CC520083	9145	703	1930	7373	2246	1140	861	163
dset-camcan	sub-CC520097	11406	847	2501	8613	2984	2134	931	95
dset-camcan	sub-CC520122	10746	824	2515	8906	3084	1960	927	149
dset-camcan	sub-CC520127	11245	957	2220	8402	2862	2233	889	88
dset-camcan	sub-CC520134	11323	771	2388	7865	2674	1691	763	29
dset-camcan	sub-CC520136	10496	797	2546	8089	2473	1634	848	99
dset-camcan	sub-CC520147	11650	848	2304	8056	2983	1954	929	126
dset-camcan	sub-CC520168	11404	924	2518	8906	3214	2347	1009	183
dset-camcan	sub-CC520175	11714	882	2518	9167	3371	2603	882	103
dset-camcan	sub-CC520197	9440	754	2214	7170	2459	1708	742	17
dset-camcan	sub-CC520200	9647	772	2240	6785	2159	1442	638	45
dset-camcan	sub-CC520209	10938	767	2436	7357	2257	1585	854	94
dset-camcan	sub-CC520211	10998	776	2416	8625	3074	1842	1053	254
dset-camcan	sub-CC520215	11818	870	2207	8700	2954	2008	924	216
dset-camcan	sub-CC520239	9846	826	2142	7256	2212	1016	938	201
dset-camcan	sub-CC520247	12102	893	2931	8240	2953	1880	846	200
dset-camcan	sub-CC520253	12293	893	2644	9743	3594	2811	1090	268
dset-camcan	sub-CC520254	9553	691	2231	7385	2224	896	1154	860
dset-camcan	sub-CC520279	9874	919	2393	7434	2126	668	1121	598
dset-camcan	sub-CC520287	10907	741	2183	7777	2556	1557	881	175
dset-camcan	sub-CC520377	9561	759	2299	7735	2473	1667	815	47
dset-camcan	sub-CC520390	10185	753	2233	7327	2253	1353	880	358
dset-camcan	sub-CC520391	10503	830	2616	8297	2718	1660	894	85
dset-camcan	sub-CC520395	10868	774	2447	7721	2532	1742	731	22
dset-camcan	sub-CC520398	10783	727	2011	7309	2520	1491	833	89
dset-camcan	sub-CC520424	12247	913	2555	9503	3571	2620	1044	248
dset-camcan	sub-CC520477	9918	761	2534	8263	2912	1785	1000	273
dset-camcan	sub-CC520480	12394	972	2795	9598	3511	2316	1136	250
dset-camcan	sub-CC520503	12177	865	2616	9662	3639	2659	1120	264
dset-camcan	sub-CC520517	11150	829	2552	8586	3074	1727	1018	180
dset-camcan	sub-CC520552	10850	865	2412	8586	3105	2431	1095	280
dset-camcan	sub-CC520560	9965	818	2066	8579	3148	2014	849	73
dset-camcan	sub-CC520562	12597	929	2805	9509	3850	2865	1082	226
dset-camcan	sub-CC520584	9937	759	2474	7361	2576	1955	772	78
dset-camcan	sub-CC520585	10743	784	2411	7565	2540	1698	958	263
dset-camcan	sub-CC520597	12115	865	2865	9275	3078	2210	872	40
dset-camcan	sub-CC520607	10277	806	2437	7630	2664	1638	791	54
dset-camcan	sub-CC520624	11373	872	2307	7953	2928	2218	687	122
dset-camcan	sub-CC520673	12660	982	2510	8773	3126	1885	1081	280
dset-camcan	sub-CC520745	9770	763	2256	7586	2703	1817	807	155
dset-camcan	sub-CC520775	10170	688	2106	7052	2136	1246	956	253
dset-camcan	sub-CC520868	11993	832	2721	8602	3152	2173	955	180
dset-camcan	sub-CC520980	12331	830	2468	9003	2855	1598	1092	238
dset-camcan	sub-CC521040	10904	753	2475	8232	3116	2090	974	261
dset-camcan	sub-CC610022	10670	790	2353	7099	2556	1725	738	108
dset-camcan	sub-CC610028	12242	948	2293	9291	2683	1050	1528	791
dset-camcan	sub-CC610039	9666	705	2179	7792	2339	972	923	138
dset-camcan	sub-CC610040	10370	842	2764	8656	2752	1471	1150	354
dset-camcan	sub-CC610046	10222	792	2717	8541	3260	2442	880	125
dset-camcan	sub-CC610051	10553	871	2435	9001	3427	2806	1030	273
dset-camcan	sub-CC610052	10940	810	2159	8557	3056	1746	1102	259
dset-camcan	sub-CC610058	10736	833	3006	8619	2562	1138	1289	728
dset-camcan	sub-CC610071	10359	738	2122	8359	2818	1282	1143	328
dset-camcan	sub-CC610076	10161	680	1936	8078	2624	1053	1102	799
dset-camcan	sub-CC610099	10764	806	2390	7407	2535	1275	755	201
dset-camcan	sub-CC610101	9845	850	2417	8414	2890	1921	923	171
dset-camcan	sub-CC610146	11385	880	2602	8557	3020	2004	1064	246
dset-camcan	sub-CC610178	11594	868	2578	8739	2957	1675	1214	325
dset-camcan	sub-CC610210	11538	847	2349	9381	3309	1849	1384	573
dset-camcan	sub-CC610212	11211	766	2375	7879	2828	1800	981	239
dset-camcan	sub-CC610227	9966	740	2411	7607	2537	1297	1156	512
dset-camcan	sub-CC610285	10662	779	2408	7904	2820	1509	1002	418
dset-camcan	sub-CC610288	11134	793	2690	8621	2919	1483	1328	792
dset-camcan	sub-CC610292	9768	735	2195	7835	2564	1565	732	31
dset-camcan	sub-CC610308	11318	882	2761	8818	2973	1888	1297	712
dset-camcan	sub-CC610344	8237	650	1809	6703	2175	786	1162	709
dset-camcan	sub-CC610372	11379	957	2343	9594	3288	1520	1382	666
dset-camcan	sub-CC610392	10225	717	2148	7261	2522	1515	675	46
dset-camcan	sub-CC610405	9398	716	2530	7109	2258	1372	872	91
dset-camcan	sub-CC610462	10722	809	2256	8628	2806	1361	1064	406
dset-camcan	sub-CC610469	9439	712	2378	7322	2364	1446	1009	331
dset-camcan	sub-CC610496	9908	805	2194	7735	2616	1317	933	212
dset-camcan	sub-CC610508	10576	851	1887	8484	2652	1304	940	213
dset-camcan	sub-CC610568	11665	825	2411	8484	2791	1607	926	125
dset-camcan	sub-CC610575	8983	666	2170	6962	2269	1131	1003	242
dset-camcan	sub-CC610576	9021	708	2270	6834	2158	970	846	267
dset-camcan	sub-CC610594	9570	771	2108	7518	2589	1293	778	205
dset-camcan	sub-CC610614	9586	830	2456	8719	2906	1437	1297	752
dset-camcan	sub-CC610625	10823	781	2231	8099	2844	1882	876	227
dset-camcan	sub-CC610631	10108	813	2204	7266	2259	946	890	328
dset-camcan	sub-CC610653	11552	888	2375	8871	3060	1718	1073	176
dset-camcan	sub-CC610671	10387	703	2241	7564	2203	886	1119	556
dset-camcan	sub-CC620005	9190	758	2098	8474	2839	1252	1212	633
dset-camcan	sub-CC620026	10581	883	2524	8492	2735	1273	967	120
dset-camcan	sub-CC620044	10444	782	2374	8575	3071	1781	1109	462
dset-camcan	sub-CC620073	9297	818	2793	7848	2955	2138	778	37
dset-camcan	sub-CC620085	8957	741	2279	7828	2614	1257	1057	409
dset-camcan	sub-CC620090	8598	653	2017	6727	2399	1424	946	361
dset-camcan	sub-CC620106	9948	707	2309	6995	2218	1125	1015	361
dset-camcan	sub-CC620114	12167	865	2548	9609	3269	1881	1238	391
dset-camcan	sub-CC620118	11918	837	2120	8088	2758	1310	1039	410
dset-camcan	sub-CC620121	10431	809	2561	8614	2878	1536	1089	119
dset-camcan	sub-CC620129	11062	817	2480	8625	3164	2412	1187	297
dset-camcan	sub-CC620152	10805	851	2472	8442	2989	1799	1034	249
dset-camcan	sub-CC620164	9757	740	2184	6900	2070	1173	735	160
dset-camcan	sub-CC620193	10865	947	2385	8355	2823	1740	1224	728
dset-camcan	sub-CC620259	9118	724	2206	6871	2274	1257	826	95
dset-camcan	sub-CC620262	9195	703	1824	7058	2252	987	908	219
dset-camcan	sub-CC620264	9540	776	2063	7730	2564	928	1012	143
dset-camcan	sub-CC620279	8806	756	2342	7875	2640	1195	1056	458
dset-camcan	sub-CC620284	10113	985	2283	8997	2986	1225	979	162
dset-camcan	sub-CC620314	9647	773	2118	7709	2675	1043	1106	454
dset-camcan	sub-CC620354	8411	672	2416	7404	2455	1523	960	170
dset-camcan	sub-CC620359	5364	832	2681	12829	4828	2990	1383	387
dset-camcan	sub-CC620405	10135	734	2391	7884	2531	1296	865	62
dset-camcan	sub-CC620406	12041	994	2722	10003	3316	1982	1228	463
dset-camcan	sub-CC620413	9467	822	2375	8348	3159	2191	1105	283
dset-camcan	sub-CC620429	11146	800	2669	8239	2424	1516	806	46
dset-camcan	sub-CC620436	10034	796	2456	8221	2442	946	1459	953
dset-camcan	sub-CC620444	9163	589	1841	6390	1917	928	772	207
dset-camcan	sub-CC620451	9057	782	1989	8247	2724	1267	1273	706
dset-camcan	sub-CC620454	9597	688	2008	7132	2336	1329	707	140
dset-camcan	sub-CC620466	10421	889	2560	9048	3247	1627	1506	1253
dset-camcan	sub-CC620479	10620	793	2624	8072	3072	2177	835	204
dset-camcan	sub-CC620490	10085	715	1867	6718	2279	1693	668	79
dset-camcan	sub-CC620496	9354	690	1995	6664	2162	1256	788	56
dset-camcan	sub-CC620499	9952	901	2601	8201	2566	1285	1123	694
dset-camcan	sub-CC620515	9973	735	2337	7178	2161	1340	888	139
dset-camcan	sub-CC620518	10021	808	2533	8501	2653	1214	1233	612
dset-camcan	sub-CC620526	9188	778	2284	7265	2526	1462	774	48
dset-camcan	sub-CC620549	10570	773	1974	8224	2811	1705	1009	226
dset-camcan	sub-CC620557	9588	791	2426	8384	2563	1214	1042	320
dset-camcan	sub-CC620560	12344	988	2402	8326	2698	1720	1023	425
dset-camcan	sub-CC620567	10408	809	2447	8383	2757	1560	1191	539
dset-camcan	sub-CC620572	9154	657	2110	7016	2053	816	960	364
dset-camcan	sub-CC620592	8569	791	2230	6616	2112	977	990	333
dset-camcan	sub-CC620610	10148	856	2271	8597	2800	1481	1264	549
dset-camcan	sub-CC620619	10980	825	2611	8706	2716	1358	1058	342
dset-camcan	sub-CC620659	9528	742	2146	8074	3037	1664	907	178
dset-camcan	sub-CC620685	11527	800	2330	9730	3008	1031	1259	467
dset-camcan	sub-CC620720	8780	647	2049	6958	2322	1311	785	114
dset-camcan	sub-CC620785	10948	746	2383	7484	2430	1517	927	188
dset-camcan	sub-CC620793	11448	747	2629	8559	2507	1067	1523	1198
dset-camcan	sub-CC620821	11594	579	2672	10212	3301	1223	1282	488
dset-camcan	sub-CC620885	9038	652	2255	6760	1899	773	933	155
dset-camcan	sub-CC620919	10940	881	2904	11442	3233	941	1548	680
dset-camcan	sub-CC620935	12305	987	2080	9316	3392	2064	1551	1007
dset-camcan	sub-CC621011	10873	801	2500	10041	2820	715	1735	1589
dset-camcan	sub-CC621080	9960	895	2202	8015	2516	1102	1362	920
dset-camcan	sub-CC621118	10294	842	2532	8780	3020	1686	1123	422
dset-camcan	sub-CC621128	9246	897	2526	9836	3155	1547	1410	629
dset-camcan	sub-CC621184	7509	664	746	6362	2215	1378	864	250
dset-camcan	sub-CC621199	12155	815	2367	9455	2918	1555	1156	645
dset-camcan	sub-CC621248	10878	886	2637	8101	2771	1536	811	74
dset-camcan	sub-CC621284	9010	684	2189	7206	1988	682	1008	355
dset-camcan	sub-CC621642	11907	771	2347	8921	3177	2139	932	258
dset-camcan	sub-CC710037	9301	850	2076	7860	2710	1484	1001	303
dset-camcan	sub-CC710088	9712	789	2040	7234	1994	1094	740	170
dset-camcan	sub-CC710099	11083	1070	2910	11075	2905	680	1495	494
dset-camcan	sub-CC710131	13465	862	2779	10767	2892	1030	1448	799
dset-camcan	sub-CC710154	9732	766	2083	7933	2056	715	1440	790
dset-camcan	sub-CC710176	8547	706	2044	7453	2818	1670	1113	352
dset-camcan	sub-CC710313	9831	846	2738	8499	2835	1364	1379	715
dset-camcan	sub-CC710342	8769	649	2516	6836	2036	818	1282	492
dset-camcan	sub-CC710350	10910	859	2387	9053	3170	1525	1177	369
dset-camcan	sub-CC710382	9793	871	2907	9129	2947	1024	1632	1378
dset-camcan	sub-CC710416	8389	650	1943	6683	1800	473	959	354
dset-camcan	sub-CC710429	9497	831	2130	8745	2236	595	1594	1415
dset-camcan	sub-CC710446	9551	856	2602	8705	3173	1655	1254	480
dset-camcan	sub-CC710462	9602	752	2093	7493	2301	943	1004	443
dset-camcan	sub-CC710486	9285	773	2052	8170	2467	1183	1035	223
dset-camcan	sub-CC710494	7933	787	2207	8446	2397	891	1013	314
dset-camcan	sub-CC710518	8856	642	2194	7409	2170	905	1075	376
dset-camcan	sub-CC710548	9494	796	2518	8563	2511	1121	1192	489
dset-camcan	sub-CC710551	7302	810	1839	10000	1920	289	1445	671
dset-camcan	sub-CC710566	10963	723	2467	8507	2671	1374	1188	418
dset-camcan	sub-CC710591	8682	649	1932	7092	2319	1038	1046	440
dset-camcan	sub-CC710664	7864	742	2240	7212	2135	705	920	668
dset-camcan	sub-CC710679	9919	891	2834	8715	2552	879	1711	2201
dset-camcan	sub-CC710858	11584	984	2475	9232	2994	1357	1400	838
dset-camcan	sub-CC710982	10535	795	2416	8876	2720	1604	1059	231
dset-camcan	sub-CC711027	8887	748	2139	8842	2378	519	1300	867
dset-camcan	sub-CC711035	9200	680	2081	8434	2120	493	1341	973
dset-camcan	sub-CC711128	7987	757	2115	7520	2506	1210	944	326
dset-camcan	sub-CC711158	7970	674	845	7423	2392	1294	1012	317
dset-camcan	sub-CC711244	10049	818	1902	7936	2509	807	1516	1405
dset-camcan	sub-CC711245	9225	922	2389	9677	3122	1372	1067	258
dset-camcan	sub-CC712027	10623	881	2522	9027	2964	1115	1250	498
dset-camcan	sub-CC720023	8977	745	2173	7293	2229	980	965	332
dset-camcan	sub-CC720071	9929	842	2283	7737	2530	1498	943	267
dset-camcan	sub-CC720103	10244	767	2436	7889	2520	1140	1232	414
dset-camcan	sub-CC720119	9337	793	2658	8642	2935	2031	915	111
dset-camcan	sub-CC720180	9261	847	2482	7977	2817	1648	1071	370
dset-camcan	sub-CC720188	10134	762	2748	9061	3144	1702	1153	467
dset-camcan	sub-CC720238	8523	674	2490	7727	2745	1409	1156	500
dset-camcan	sub-CC720290	9126	715	2501	8022	2262	939	1353	737
dset-camcan	sub-CC720304	8940	716	2313	7458	2667	1570	1080	469
dset-camcan	sub-CC720329	9167	822	2390	8858	2526	662	1505	1086
dset-camcan	sub-CC720358	10089	690	2025	7863	2893	1604	1016	347
dset-camcan	sub-CC720400	9109	754	2493	8005	2777	1323	1221	590
dset-camcan	sub-CC720407	10652	886	2602	9122	2895	1433	1332	750
dset-camcan	sub-CC720497	8952	741	1988	7036	2284	1226	1185	547
dset-camcan	sub-CC720511	11998	919	2423	9582	3410	1462	1163	513
dset-camcan	sub-CC720516	8381	774	2069	7930	2196	673	1399	999
dset-camcan	sub-CC720622	9360	765	2406	8023	2593	1103	1150	515
dset-camcan	sub-CC720646	9885	691	2199	7730	2365	1166	931	254
dset-camcan	sub-CC720670	9554	912	2921	8534	2979	1731	1170	450
dset-camcan	sub-CC720685	11105	844	2842	8366	3005	2035	974	209
dset-camcan	sub-CC720941	9788	890	2575	8710	3067	2205	880	59
dset-camcan	sub-CC720986	9234	887	2811	8923	3101	1181	1357	670
dset-camcan	sub-CC721052	10541	873	2805	8414	2567	1234	1295	386
dset-camcan	sub-CC721107	10857	784	2298	8364	2546	894	921	325
dset-camcan	sub-CC721114	9321	628	1598	6336	2068	1098	802	82
dset-camcan	sub-CC721224	8463	766	2235	7479	2193	981	906	71
dset-camcan	sub-CC721291	9767	768	2383	7839	2349	1226	1052	313
dset-camcan	sub-CC721292	10629	846	2510	9134	3141	1438	1579	1739
dset-camcan	sub-CC721374	9800	784	2520	8456	3117	1559	1536	1297
dset-camcan	sub-CC721377	7912	854	2342	9297	2873	956	1267	767
dset-camcan	sub-CC721392	9723	730	2625	8244	2531	871	1388	984
dset-camcan	sub-CC721418	9577	787	2010	7702	2058	614	1128	555
dset-camcan	sub-CC721434	9512	619	2035	8685	2695	1275	1188	559
dset-camcan	sub-CC721504	10637	793	2548	8793	2851	1661	1247	674
dset-camcan	sub-CC721519	9432	679	2182	6636	2096	1222	646	194
dset-camcan	sub-CC721532	9914	750	2426	7475	2492	1270	1042	570
dset-camcan	sub-CC721585	9798	902	2257	8097	2363	951	1263	696
dset-camcan	sub-CC721618	10769	744	2123	7741	2419	1280	717	178
dset-camcan	sub-CC721648	8723	795	2172	7452	2620	1266	1134	577
dset-camcan	sub-CC721704	8681	840	2501	8928	2486	548	1476	1078
dset-camcan	sub-CC721707	9645	706	2348	7786	2430	1009	978	222
dset-camcan	sub-CC721729	8131	792	2365	8172	2749	1357	1157	476
dset-camcan	sub-CC721888	10014	765	2070	8550	2650	1117	1142	464
dset-camcan	sub-CC721891	8594	742	2244	9069	2894	785	1291	820
dset-camcan	sub-CC721894	8625	781	2221	8564	3160	1480	1088	523
dset-camcan	sub-CC722216	7238	699	2364	9104	3124	1384	1081	348
dset-camcan	sub-CC722421	8790	819	2604	7413	2164	820	1366	1051
dset-camcan	sub-CC722536	10966	935	2406	8862	3067	1690	944	146
dset-camcan	sub-CC722542	10895	833	2321	9093	2834	1304	1222	496
dset-camcan	sub-CC722651	9240	693	2027	7801	2373	895	1233	623
dset-camcan	sub-CC722891	9615	710	2495	8378	2893	1280	1483	977
dset-camcan	sub-CC723197	9989	874	2613	8370	2620	825	1286	1018
dset-camcan	sub-CC723395	9054	788	2307	7719	2540	1317	977	282
dset-cohen	sub-01	16980	1467	2429	13255	4919	3346	1158	1014
dset-cohen	sub-02	19670	1590	3390	12994	4556	3399	848	104
dset-cohen	sub-03	21913	1495	3785	13132	4721	3563	670	162
dset-cohen	sub-04	16985	1418	3060	12943	4639	3436	871	333
dset-cohen	sub-05	15249	1326	3051	10718	3514	2246	470	52
dset-cohen	sub-06	20297	1367	3971	11616	3766	2325	472	49
dset-cohen	sub-07	14398	1311	3353	11053	3750	2407	503	67
dset-cohen	sub-08	13352	1127	3088	8682	2863	2058	430	45
dset-cohen	sub-09	20105	1435	2940	13048	4538	3180	656	247
dset-cohen	sub-10	16292	1326	3249	11806	3977	2800	525	99
dset-cohen	sub-11	16579	1339	3761	10709	3861	2587	571	46
dset-cohen	sub-12	16656	1151	3189	10884	3705	2543	860	350
dset-cohen	sub-13	15703	1275	3523	10358	3503	2460	418	19
dset-dalenberg	sub-01	10444	824	2874	8587	2815	1855	441	131
dset-dalenberg	sub-03	13067	959	3038	9952	3420	2516	302	25
dset-dalenberg	sub-04	10813	925	3001	9365	3395	2526	446	143
dset-dalenberg	sub-05	12111	1008	3018	9575	3127	2345	476	99
dset-dalenberg	sub-06	11380	906	2948	9787	2939	2032	378	52
dset-dalenberg	sub-07	13777	957	2848	9749	3064	2000	336	17
dset-dalenberg	sub-08	11282	983	2912	8444	2861	2146	511	34
dset-dalenberg	sub-09	11145	1026	3459	9577	3239	2219	615	244
dset-dalenberg	sub-10	13297	880	3249	9415	3344	2020	531	368
dset-dalenberg	sub-11	12694	929	3317	8847	2963	2096	687	47
dset-dalenberg	sub-12	10439	847	2689	8752	2610	1702	405	90
dset-dalenberg	sub-13	12835	973	2892	9571	3410	2695	516	252
dset-dalenberg	sub-14	12016	803	2878	8428	2407	1371	427	179
dset-dalenberg	sub-15	12113	895	2942	8444	2804	1714	502	91
dset-dalenberg	sub-16	12370	944	2966	8900	3104	2228	386	45
dset-dalenberg	sub-17	10405	895	2862	7951	2750	2007	461	23
dset-dalenberg	sub-18	12598	887	2870	8715	2808	1995	312	29
dset-dalenberg	sub-19	11993	1033	2915	9303	3056	2494	632	53
dset-dalenberg	sub-20	11745	879	3142	8507	3081	2397	471	52
dset-dalenberg	sub-21	9905	908	2439	9432	2814	1934	385	95
dset-dupre	sub-01	19669	1333	3973	12276	4271	2989	1287	93
dset-dupre	sub-02	18953	1374	4287	11928	3507	2232	760	40
dset-dupre	sub-03	18686	1464	4434	12112	4170	2418	1395	423
dset-dupre	sub-04	19752	1512	4501	12570	4151	3049	1421	63
dset-dupre	sub-05	19001	1413	4133	13353	4477	3553	917	79
dset-dupre	sub-06	18397	1473	4260	12925	3859	2641	1132	31
dset-dupre	sub-07	16984	1237	3190	10745	3310	1973	1030	21
dset-dupre	sub-08	17274	1285	3253	12066	3452	2088	652	56
dset-dupre	sub-09	18677	1517	3475	12982	4251	3191	625	31
dset-dupre	sub-10	16627	1302	4124	12321	4266	3299	636	96
dset-dupre	sub-11	19543	1358	4298	11879	3574	1981	1511	228
dset-dupre	sub-12	18200	1465	3878	11844	4008	2919	834	50
dset-dupre	sub-13	16926	1332	4026	10797	3494	2119	999	154
dset-dupre	sub-14	18922	1431	4101	12645	3962	2811	722	183
dset-dupre	sub-15	17444	1416	4935	11859	4086	2819	1212	96
dset-dupre	sub-16	17816	1303	3889	11006	3595	2349	943	27
dset-dupre	sub-17	19244	1346	3998	11320	3665	2346	735	37
dset-dupre	sub-19	21053	1673	4731	13127	5156	3934	1047	36
dset-dupre	sub-20	19056	1618	4010	13107	4731	4142	1303	70
dset-dupre	sub-21	21048	1543	3986	13831	4929	3727	1424	242
dset-dupre	sub-22	18876	1406	3936	11482	4010	2526	1246	125
dset-dupre	sub-23	16022	1126	3624	10729	3711	2639	595	72
dset-dupre	sub-24	17467	1437	4048	11457	4289	3239	974	14
dset-dupre	sub-25	18022	1320	3933	11587	3868	2755	555	37
dset-dupre	sub-26	17515	1260	3611	10558	3441	2135	737	57
dset-dupre	sub-27	16715	1337	3780	10517	3342	2134	554	25
dset-dupre	sub-28	18797	1412	4452	10978	3566	2623	988	215
dset-dupre	sub-29	18154	1458	3986	12305	4450	2635	1252	203
dset-dupre	sub-30	20151	1345	3796	12009	3892	2737	943	109
dset-dupre	sub-31	17221	1407	4206	11732	3752	2903	441	18
